Name,Date,Time
SUMAIR,2023-12-30,19:31:34
SUMAIR,2023-12-30,19:31:34
SUMAIR,2023-12-30,19:31:35
SUMAIR,2023-12-30,19:31:35
SUMAIR,2023-12-30,19:31:35
SUMAIR,2023-12-30,19:31:36
SUMAIR,2023-12-30,19:31:36
SUMAIR,2023-12-30,19:31:37
SUMAIR,2023-12-30,19:31:37
SUMAIR,2023-12-30,19:31:37
SUMAIR,2023-12-30,19:31:38
SUMAIR,2023-12-30,19:31:38
BILL GATE,2023-12-30,19:31:39
BILL GATE,2023-12-30,19:31:41
BILL GATE,2023-12-30,19:31:42
BILL GATE,2023-12-30,19:31:43
BILL GATE,2023-12-30,19:31:43
BILL GATE,2023-12-30,19:31:44
BILL GATE,2023-12-30,19:31:44
BILL GATE,2023-12-30,19:31:45
BILL GATE,2023-12-30,19:31:45
BILL GATE,2023-12-30,19:31:45
BILL GATE,2023-12-30,19:31:47
BILL GATE,2023-12-30,19:31:47
BILL GATE,2023-12-30,19:31:48
BILL GATE,2023-12-30,19:31:48
BILL GATE,2023-12-30,19:31:48
BILL GATE,2023-12-30,19:31:49
SUMAIR,2023-12-30,19:31:49
SUMAIR,2023-12-30,19:31:50
SUMAIR,2023-12-30,19:31:50
SUMAIR,2023-12-30,19:31:50
SUMAIR,2023-12-30,19:31:51
SUMAIR,2023-12-30,19:31:51
SUMAIR,2023-12-30,19:31:52
SUMAIR,2023-12-30,19:31:52
SUMAIR,2023-12-30,19:31:52
SUMAIR,2023-12-30,19:31:53
SUMAIR,2023-12-30,19:31:53
SUMAIR,2023-12-30,19:31:53
SUMAIR,2023-12-30,19:31:54
SUMAIR,2023-12-30,19:31:54
SUMAIR,2023-12-30,19:31:54
SUMAIR,2023-12-30,19:31:55
SUMAIR,2023-12-30,19:31:55
SUMAIR,2023-12-30,19:31:55
SUMAIR,2023-12-30,19:31:56
SUMAIR,2023-12-30,19:31:56
SUMAIR,2023-12-30,19:31:56
SUMAIR,2023-12-30,19:31:57
SUMAIR,2023-12-30,19:31:57
ELON MUSK,2023-12-30,19:31:59
ELON MUSK,2023-12-30,19:31:59
ELON MUSK,2023-12-30,19:32:00
ELON MUSK,2023-12-30,19:32:00
ELON MUSK,2023-12-30,19:32:00
ELON MUSK,2023-12-30,19:32:01
ELON MUSK,2023-12-30,19:32:01
ELON MUSK,2023-12-30,19:32:01
ELON MUSK,2023-12-30,19:32:02
ELON MUSK,2023-12-30,19:32:02
ELON MUSK,2023-12-30,19:32:02
ELON MUSK,2023-12-30,19:32:03
ELON MUSK,2023-12-30,19:32:03
ELON MUSK,2023-12-30,19:32:03
SUMAIR,2023-12-30,19:32:04
SUMAIR,2023-12-30,19:32:04
SUMAIR,2023-12-30,19:32:04
SUMAIR,2023-12-30,19:32:05
SUMAIR,2023-12-30,19:32:05
SUMAIR,2023-12-30,19:32:05
SUMAIR,2023-12-30,19:32:06
SUMAIR,2023-12-30,19:32:06
SUMAIR,2023-12-30,19:32:07
SUMAIR,2023-12-30,19:32:07
SUMAIR,2023-12-30,19:32:07
SUMAIR,2023-12-30,19:32:08
SUMAIR,2023-12-30,19:32:08
SUMAIR,2023-12-30,19:32:08
SUMAIR,2023-12-30,19:32:09
SUMAIR,2023-12-30,20:15:14
SUMAIR,2023-12-30,20:15:14
SUMAIR,2023-12-30,20:15:15
SUMAIR,2023-12-30,20:15:15
SUMAIR,2023-12-30,20:15:16
SUMAIR,2023-12-30,20:15:16
SUMAIR,2023-12-30,20:15:17
SUMAIR,2023-12-30,20:15:17
SUMAIR,2023-12-30,20:15:18
SUMAIR,2023-12-30,20:15:18
SUMAIR,2023-12-30,20:15:19
SUMAIR,2023-12-30,20:15:19
SUMAIR,2023-12-30,20:15:20
SUMAIR,2023-12-30,20:15:20
SUMAIR,2023-12-30,20:15:20
SUMAIR,2023-12-30,20:15:21
SUMAIR,2023-12-30,20:15:21
SUMAIR,2023-12-30,20:15:22
SUMAIR,2023-12-30,20:15:22
SUMAIR,2023-12-30,20:15:23
SUMAIR,2023-12-30,20:15:23
SUMAIR,2023-12-30,20:15:24
SUMAIR,2023-12-30,20:15:24
SUMAIR,2023-12-30,20:15:25
SUMAIR,2023-12-30,20:15:26
SUMAIR,2023-12-30,20:15:27
SUMAIR,2023-12-30,20:15:28
SUMAIR,2023-12-30,20:15:28
SUMAIR,2023-12-30,20:15:29
SUMAIR,2023-12-30,20:15:29
SUMAIR,2023-12-30,20:15:30
SUMAIR,2023-12-30,20:15:30
SUMAIR,2023-12-30,20:15:30
SUMAIR,2023-12-30,20:15:31
SUMAIR,2023-12-30,20:15:31
SUMAIR,2023-12-30,20:15:32
SUMAIR,2023-12-30,20:15:32
SUMAIR,2023-12-30,20:15:32
SUMAIR,2023-12-30,20:15:33
SUMAIR,2023-12-30,20:15:33
SUMAIR,2023-12-30,20:15:34
SUMAIR,2023-12-30,20:15:34
SUMAIR,2023-12-30,20:15:35
SUMAIR,2023-12-30,20:15:35
SUMAIR,2023-12-30,20:15:35
SUMAIR,2023-12-30,20:15:36
SUMAIR,2023-12-30,20:15:36
SUMAIR,2023-12-30,20:15:36
SUMAIR,2023-12-30,20:15:37
SUMAIR,2023-12-30,20:15:37
SUMAIR,2023-12-30,20:15:38
SUMAIR,2023-12-30,20:15:38
SUMAIR,2023-12-30,20:15:38
SUMAIR,2023-12-30,20:15:39
SUMAIR,2023-12-30,20:15:39
SUMAIR,2023-12-30,20:15:40
SUMAIR,2023-12-30,20:15:40
SUMAIR,2023-12-30,20:15:40
SUMAIR,2023-12-30,20:15:41
SUMAIR,2023-12-30,20:15:41
SUMAIR,2023-12-30,20:15:41
SUMAIR,2023-12-30,20:15:42
SUMAIR,2023-12-30,20:15:42
BILL GATE,2023-12-30,20:15:43
BILL GATE,2023-12-30,20:15:43
BILL GATE,2023-12-30,20:15:44
BILL GATE,2023-12-30,20:15:44
BILL GATE,2023-12-30,20:15:45
BILL GATE,2023-12-30,20:15:45
BILL GATE,2023-12-30,20:15:46
BILL GATE,2023-12-30,20:15:46
BILL GATE,2023-12-30,20:15:47
BILL GATE,2023-12-30,20:15:47
SUMAIR,2023-12-30,20:15:48
BILL GATE,2023-12-30,20:15:48
SUMAIR,2023-12-30,20:15:48
SUMAIR,2023-12-30,20:15:49
SUMAIR,2023-12-30,20:15:49
SUMAIR,2023-12-30,20:15:49
SUMAIR,2023-12-30,20:15:50
SUMAIR,2023-12-30,20:15:50
SUMAIR,2023-12-30,20:15:51
SUMAIR,2023-12-30,20:15:51
SUMAIR,2023-12-30,20:15:51
SUMAIR,2023-12-30,20:15:52
SUMAIR,2023-12-30,20:15:52
SUMAIR,2023-12-30,20:15:53
SUMAIR,2023-12-30,20:15:53
SUMAIR,2023-12-30,20:15:53
SUMAIR,2023-12-30,20:15:54
SUMAIR,2023-12-30,20:15:54
SUMAIR,2023-12-30,20:15:55
SUMAIR,2023-12-30,20:15:55
SUMAIR,2023-12-30,20:15:56
SUMAIR,2023-12-30,20:15:56
